iteration,full_mae,scale_mae,scale_minus_full_mae
0,8.51831914669679,14.260071923596332,5.741752776899542
1,9.371943066112976,12.91175369248249,3.5398106263695137
2,8.602128364510325,13.815436671044163,5.213308306533838
3,9.70734056967634,14.759732700480765,5.052392130804424
4,9.156795318597883,14.43224641411838,5.275451095520497
5,9.956629007069706,14.639552073289954,4.682923066220248
6,9.18392823053662,15.166403012688209,5.982474782151588
7,9.851288302517064,15.064983731681405,5.213695429164341
8,9.42994568786925,14.465852676519372,5.035906988650122
9,9.743058473032429,14.226174730093705,4.483116257061276
10,9.184623026932798,14.241735829069503,5.0571128021367056
11,8.709052661080547,13.71935815178285,5.010305490702303
12,9.798380493931361,14.698658669311433,4.9002781753800715
13,10.02880315316511,14.502890108485653,4.4740869553205425
14,9.622014367967278,13.446211834233523,3.824197466266245
15,9.8875172188034,14.9968474403174,5.109330221514
16,9.82904340395026,14.166087898622097,4.3370444946718365
17,8.90189461175139,13.148527646660147,4.246633034908758
18,9.339972029729406,14.811032021306504,5.471059991577098
19,8.98407576047155,13.784844141389122,4.800768380917573
20,8.356503993263468,13.295622409792921,4.939118416529453
21,9.899612642130572,14.697045298437937,4.797432656307365
22,9.321603127505762,13.536997050661112,4.21539392315535
23,9.363642938421476,14.929457356904638,5.565814418483162
24,9.082936573318362,13.600514419116548,4.517577845798186
25,10.139164047335612,15.362897819432051,5.223733772096439
26,9.09971035414382,14.098505521429837,4.998795167286017
27,9.171365380874267,14.517676565708598,5.346311184834331
28,10.767917269687551,13.746367526714051,2.9784502570265
29,9.288759508987832,13.96291747083853,4.674157961850698
30,9.027142256520266,13.501748026818873,4.4746057702986075
31,9.398898334806066,14.902994997083868,5.504096662277801
32,9.30839964774558,14.226727958070384,4.918328310324805
33,9.407351352464906,14.699691043574797,5.292339691109891
34,8.358936457022267,13.018784455081764,4.659847998059497
35,9.090566369348489,13.296236381859531,4.205670012511042
36,9.820237104430717,15.001312046503516,5.181074942072799
37,10.152864491448053,15.309656227250139,5.156791735802086
38,8.622886035387838,14.570985905650168,5.948099870262331
39,9.852365048397365,14.396659137398496,4.544294089001131
40,8.94001777484473,13.117945117546505,4.177927342701775
41,10.091737991189442,15.300477020160304,5.208739028970863
42,8.559449402458892,13.764258417773704,5.204809015314812
43,8.926243473683114,13.422647643104709,4.496404169421595
44,10.138780723134515,14.415169436396331,4.276388713261817
45,9.939306713505179,13.67936548095318,3.7400587674480015
46,9.683230665265755,14.64955228712984,4.966321621864084
47,8.803680465778346,13.599926758312472,4.796246292534127
48,8.97787278988975,15.234506526723981,6.256633736834232
49,9.596318049612195,14.309434582122188,4.713116532509993
50,8.973153744942373,13.816089333373496,4.842935588431123
51,9.93804363911633,14.41787164874092,4.47982800962459
52,9.825130989765553,13.745598116146118,3.920467126380565
53,8.591957276837716,13.985323211295842,5.393365934458126
54,8.899254718275557,14.322522259667458,5.423267541391901
55,9.955405140288255,14.581049100878484,4.62564396059023
56,9.103217075905642,13.795671573657552,4.6924544977519105
57,9.076964259172165,13.529153129878912,4.452188870706747
58,9.172696742383303,13.822944354246571,4.650247611863268
59,9.491071353081935,14.210881563552393,4.719810210470458
60,8.51790326533592,15.069800966207145,6.5518977008712245
61,9.669188108877076,14.550493944599383,4.881305835722307
62,9.414313677899578,14.828709069893188,5.41439539199361
63,8.849488253188204,13.421526045782128,4.572037792593925
64,8.78440375121511,14.616978121863799,5.832574370648688
65,9.612364211755438,13.366379103378325,3.7540148916228873
66,9.884422684827056,14.12526249232984,4.240839807502784
67,10.237335305588749,15.01013007618171,4.772794770592961
68,9.524634401203372,13.309371723290003,3.784737322086631
69,9.083603040480195,15.557437137501136,6.473834097020941
70,9.403405712001113,14.052608825298053,4.64920311329694
71,9.265523939177166,13.67787665645047,4.412352717273304
72,8.61490360406779,13.896644137803976,5.281740533736187
73,9.02707060922727,13.218649278614276,4.191578669387006
74,9.80262560469652,16.074168681010946,6.271543076314426
75,10.841946800048415,15.277861351213629,4.435914551165213
76,8.880332940561479,13.394500191744324,4.514167251182846
77,8.823079555208373,13.735162227648953,4.9120826724405795
78,8.408493069571243,14.045345929175822,5.636852859604579
79,9.83866272938163,13.806819563153896,3.968156833772266
80,9.961268159108442,15.481748094956588,5.520479935848146
81,9.79077670169756,15.295375312423326,5.5045986107257665
82,10.858448356018743,14.588291189932145,3.729842833913402
83,10.104495144183392,14.263480111927894,4.158984967744502
84,10.278002229256543,14.122595774785847,3.844593545529303
85,9.559093203303267,15.180364559672938,5.621271356369672
86,9.376672067845757,13.414757611551988,4.038085543706231
87,8.87047267199187,14.307015089238357,5.436542417246487
88,10.218411748033327,15.636596186856776,5.418184438823449
89,9.49488305105577,14.287965430123673,4.793082379067904
90,9.354978815686898,13.212495638048743,3.857516822361845
91,9.139077680616317,14.49462457921687,5.3555468986005526
92,9.388414060317366,14.62795903359109,5.239544973273723
93,8.930410950294961,13.82220296029375,4.891792009998788
94,9.527303466669657,15.332587666842757,5.8052842001731
95,9.304980935137637,14.913838793250141,5.608857858112504
96,10.035378645394752,14.691273709375153,4.655895063980401
97,9.138900464502822,13.4508079186162,4.311907454113378
98,8.261758325917643,13.484372580019132,5.222614254101488
99,8.602183396810368,13.702991345101207,5.100807948290839
100,9.955262846947312,14.666099460564267,4.710836613616955
101,9.67854902838265,14.374026362153277,4.6954773337706275
102,9.028763332812508,13.942725526719112,4.913962193906604
103,9.223507179236979,13.52459016284025,4.301082983603271
104,9.628053866234882,14.544377996010738,4.916324129775855
105,9.500458540804088,14.930661971653691,5.430203430849604
106,9.646351401700791,14.724795046271398,5.078443644570607
107,10.27582696129581,15.20153488890265,4.92570792760684
108,9.652356022142754,13.476982294306403,3.8246262721636484
109,8.69520713097733,13.435247206395555,4.740040075418225
110,8.941541987432771,13.695068631640222,4.753526644207451
111,9.716081519811594,13.466648762427164,3.7505672426155705
112,9.571071353592021,15.991802819444858,6.420731465852837
113,8.244109936893887,12.025261951932274,3.781152015038387
114,8.813173360614929,14.23059788550928,5.417424524894351
115,9.416955508422022,14.813654091141391,5.3966985827193685
116,8.551129261385448,14.452971950606846,5.901842689221398
117,8.99162690418327,13.415910478472133,4.424283574288863
118,8.954891456735798,14.295639827046271,5.3407483703104734
119,9.563367767091565,15.294259195930497,5.730891428838932
120,9.521105925128976,14.285233730666887,4.76412780553791
121,9.330164710615454,14.089394076937925,4.7592293663224705
122,9.327732715352369,14.437823232768615,5.110090517416246
123,9.557694226762266,14.126547863728337,4.568853636966072
124,9.33898049436274,14.460060725410806,5.121080231048065
125,9.283627150103113,12.77359828048288,3.4899711303797663
126,9.132751361952913,14.14942696905494,5.016675607102027
127,9.794515860125108,15.603399973000737,5.80888411287563
128,9.810263604018283,14.061089773008403,4.25082616899012
129,9.779204340702293,14.924279749239997,5.1450754085377035
130,9.336319101392286,14.496384925872304,5.160065824480018
131,8.851727221788362,12.867992232584207,4.016265010795845
132,8.93768011969868,12.724286672505386,3.786606552806706
133,7.9920606966089816,13.781871296304988,5.789810599696007
134,8.872527299010196,13.217480447476168,4.344953148465972
135,9.813073215143158,13.998971834271895,4.1858986191287375
136,8.833145413419304,13.443012689419866,4.609867276000562
137,9.019411903786375,14.77117631551608,5.751764411729704
138,9.339649873060644,15.41027410191972,6.070624228859076
139,8.929294340339023,14.039928820502306,5.110634480163283
140,9.159442719809343,13.940068250214958,4.780625530405615
141,8.98125079352294,13.232523328957681,4.25127253543474
142,8.69696346213475,14.21718425051914,5.520220788384389
143,9.396420196275168,15.081874369329041,5.6854541730538735
144,8.93036736202221,13.61875037738951,4.6883830153673
145,8.89110645279184,13.602585905921062,4.711479453129222
146,9.581367297790942,14.63294811980345,5.051580822012507
147,9.266659357190266,13.9555420000004,4.688882642810134
148,8.33032587876799,15.092022346910726,6.761696468142736
149,9.421772505078176,13.304627188660318,3.882854683582142
150,8.616021558356067,14.271327851853176,5.655306293497109
151,9.98255289279922,13.524971737661364,3.5424188448621443
152,10.004754534220504,13.869568715921355,3.864814181700851
153,9.41417334547366,14.526466722800537,5.112293377326877
154,9.295102008844278,13.453984098395583,4.158882089551305
155,8.686889300161031,14.067562833365438,5.380673533204407
156,9.282647031318294,13.17989372233158,3.897246691013285
157,8.53227539254932,13.901062208319102,5.3687868157697825
158,10.183845384894104,16.021400481497555,5.837555096603451
159,9.404294813605233,14.150368490813863,4.74607367720863
160,10.278658472239835,14.887293780265493,4.608635308025658
161,8.377578103834844,13.517798161614289,5.140220057779445
162,9.403623433751724,14.155857119987884,4.75223368623616
163,8.17987789508855,12.774107994045401,4.594230098956851
164,9.409348469351245,14.14795576742368,4.738607298072434
165,8.82737841337499,14.028015500675314,5.200637087300324
166,9.388601507034279,15.476676658553808,6.088075151519529
167,8.61892643526715,13.311329875766504,4.692403440499353
168,8.712653034580578,13.427885744928,4.715232710347422
169,9.225693817110988,13.668998761307433,4.443304944196445
170,8.837129643347701,13.667926955927646,4.830797312579945
171,9.515230166690174,15.459090845047085,5.943860678356911
172,9.47559217979864,14.215862837364048,4.740270657565407
173,8.867497486425988,13.530823555905775,4.663326069479787
174,8.912636629350143,14.272303601617086,5.359666972266943
175,9.54844731011406,13.825680655339122,4.277233345225062
176,9.871175987245067,15.200709579543743,5.3295335922986755
177,9.463703152630556,13.532189955482517,4.068486802851961
178,9.520545924816808,14.11658127823736,4.596035353420552
179,9.921537969167312,13.665607728330288,3.7440697591629757
180,9.269487611276391,13.388938800954367,4.119451189677976
181,10.19617537433069,14.8848480901476,4.68867271581691
182,8.62884501734978,14.110189288799083,5.481344271449302
183,9.158595473668004,14.963194138048609,5.804598664380604
184,9.147141780782958,13.490224479945423,4.343082699162466
185,9.046745153871116,14.695117465967373,5.648372312096257
186,9.844504759206398,14.486664855768073,4.642160096561675
187,9.29393620166249,14.598046336884643,5.304110135222153
188,9.072006281730973,14.017160256236584,4.945153974505612
189,9.423659188881674,14.781139529874915,5.357480340993241
190,9.345935160706363,15.707508367334245,6.361573206627883
191,9.373414971369153,13.002647789646153,3.629232818277
192,9.857500089495437,12.732242923970702,2.8747428344752652
193,9.400582607845738,14.310244272792522,4.909661664946784
194,9.588788402360475,14.708188572882264,5.119400170521789
195,8.540659755661599,14.463140281788151,5.922480526126552
196,9.44787353885566,13.973268402767584,4.525394863911924
197,9.112240503830394,14.65280976380951,5.540569259979115
198,10.50978609848905,14.662257940728514,4.152471842239464
199,8.44722772207063,12.975197139749257,4.5279694176786265
200,9.944309128053773,13.512831678955155,3.568522550901383
201,9.413991621566106,13.49906662538539,4.085075003819284
202,8.415583769074638,13.166282875564395,4.750699106489757
203,10.445269280322362,14.168066933587156,3.7227976532647933
204,9.530229199853068,14.71623140485473,5.186002205001662
205,8.599334629650569,13.399894084892694,4.800559455242125
206,8.591492248122368,12.17057132036181,3.579079072239443
207,8.883031340923678,14.298229475848627,5.41519813492495
208,9.685522018461693,14.62262031538129,4.937098296919597
209,9.526263949840146,14.36465072017187,4.838386770331724
210,8.556144515208578,13.746409731385747,5.190265216177169
211,9.732355503819857,15.261772705547127,5.52941720172727
212,9.261554382894866,13.923493541326856,4.66193915843199
213,10.085836197820043,14.591814383077113,4.505978185257069
214,8.900600662818645,13.398270829710544,4.497670166891899
215,9.95308807506825,14.842331382626496,4.889243307558246
216,8.83556742132507,14.793412035743478,5.957844614418407
217,9.848554413104562,15.211292193378164,5.362737780273601
218,9.354819332802224,13.974663679148177,4.619844346345953
219,9.938918273831158,15.239996194173402,5.3010779203422445
220,8.909749682911722,14.916761177403371,6.00701149449165
221,8.656439897714879,12.788032082311009,4.13159218459613
222,9.60471563200903,13.52456450846048,3.91984887645145
223,9.219681621874388,13.801283041748755,4.581601419874367
224,9.29701154431971,14.06691616219769,4.76990461787798
225,9.988210748984196,14.10807342657797,4.119862677593774
226,9.90202473970747,13.971954746601558,4.069930006894088
227,9.739667726817318,14.536614576736957,4.796946849919639
228,9.522031441047853,14.136118873448703,4.614087432400851
229,10.038984763562716,14.057932145767953,4.018947382205237
230,8.968146451729362,14.280898284632425,5.3127518329030625
231,10.189868721905928,15.860495883968024,5.670627162062097
232,9.324323545821064,13.728636031697105,4.404312485876041
233,9.549778922973012,15.145442279602735,5.595663356629723
234,8.41204638855127,14.258119900800434,5.8460735122491645
235,8.929354587786245,13.144771373241966,4.215416785455721
236,10.018007199270963,14.11646681347329,4.098459614202326
237,10.337756719910331,15.901004200632224,5.563247480721893
238,9.655033276978987,13.780603859529075,4.125570582550088
239,9.859688276850171,15.889889103139877,6.030200826289706
240,9.506738037708818,14.746256911125895,5.239518873417078
241,8.225227464895347,13.57302155679299,5.347794091897642
242,8.581286676787807,13.975965792140977,5.394679115353171
243,8.711440297184284,13.690765000874677,4.979324703690393
244,9.131104936768565,13.22390766330778,4.092802726539215
245,9.14739694763665,16.129875870903955,6.982478923267305
246,8.974127227486656,14.045323866370264,5.071196638883608
247,8.673925308813441,13.767809467126646,5.093884158313205
248,9.94736112588689,13.773462026675366,3.826100900788477
249,8.654344716600566,13.791932776107885,5.137588059507319
250,8.83178117789673,13.715244178054837,4.883463000158107
251,9.789673229641373,14.432249520087737,4.642576290446364
252,9.465378845124919,13.498903373344458,4.033524528219539
253,9.189867099265111,13.646371091370845,4.456503992105734
254,8.95181778602833,13.986459075154071,5.034641289125741
255,10.427601868383347,15.301243074367072,4.873641205983725
256,8.574811645766943,13.910194240572002,5.3353825948050595
257,9.14877034910632,13.471110411149873,4.322340062043553
258,9.520423586298362,13.120627789120908,3.600204202822546
259,9.31393695565393,13.37089485750362,4.056957901849691
260,9.311033194776035,14.606110007207663,5.295076812431628
261,9.112092600622377,13.852014717511386,4.739922116889009
262,9.217415217253917,14.22632263986766,5.008907422613744
263,9.166573865269203,14.656925938100349,5.490352072831145
264,9.211719859173957,12.179563602213241,2.9678437430392837
265,9.728478834062207,14.706855516426309,4.978376682364102
266,8.83170750155165,12.672228661103368,3.8405211595517184
267,8.597236063463829,13.158638544617554,4.561402481153726
268,10.283070788502698,14.510116363013312,4.227045574510614
269,9.56225139740748,14.737337168482645,5.175085771075166
270,9.734121962772216,14.010090304796837,4.275968342024621
271,9.228771579865434,13.87745866207192,4.648687082206486
272,9.302377004899759,14.424477188148336,5.122100183248577
273,8.714174597420866,13.829630475111863,5.115455877690996
274,9.698053197862297,14.435448960340247,4.73739576247795
275,8.62936304691456,13.396244325832864,4.766881278918303
276,9.969139217716796,14.917765475803941,4.948626258087145
277,8.424382571927293,13.251747163802968,4.827364591875675
278,9.113186209561263,14.004421374198387,4.8912351646371235
279,9.51900663400824,15.189080991110943,5.670074357102703
280,9.25273354936898,13.87030114637348,4.6175675970045
281,9.654220650749863,15.493506029466749,5.839285378716886
282,8.242607765176286,13.449200208681207,5.2065924435049205
283,8.732168737338139,14.592262971388788,5.860094234050649
284,8.743278533557275,14.434178909822354,5.690900376265079
285,8.864700265505528,13.9102305446164,5.0455302791108725
286,9.335295076928324,14.077430741892504,4.742135664964181
287,9.362382319169239,14.404666924891982,5.0422846057227435
288,8.074832973171302,13.981694317338299,5.906861344166996
289,7.5793262274194175,12.299197965289043,4.719871737869625
290,9.886272647646148,14.896041182444872,5.009768534798724
291,9.195129901759351,14.437938378234069,5.242808476474718
292,9.004941249113447,13.815265683217097,4.81032443410365
293,9.59696456700093,14.244623033424565,4.647658466423636
294,9.381598333195281,13.57476785915221,4.193169525956929
295,9.451671617281292,13.383562710439136,3.9318910931578444
296,9.50262797057777,14.469920591797754,4.967292621219984
297,9.07962889119481,13.883653627421063,4.804024736226253
298,8.934585505272407,15.230637483477738,6.29605197820533
299,9.988737024705307,14.320833033549526,4.3320960088442195
300,9.037055397119097,14.314520784650275,5.277465387531178
301,9.367453606628112,14.788788858975852,5.42133525234774
302,8.921114188790645,14.206226815142616,5.285112626351971
303,9.56904951052974,14.90524578445887,5.336196273929129
304,9.450453257139987,13.343863156443115,3.893409899303128
305,8.479747623608532,13.285644848126964,4.805897224518432
306,7.958926170559042,12.272224370380428,4.313298199821386
307,8.618332032514566,12.899065379184028,4.280733346669463
308,10.310891889735045,14.460724455019148,4.149832565284104
309,8.436629833267018,12.205136486159988,3.7685066528929703
310,9.509464475070311,14.626468735303328,5.117004260233017
311,9.148078513547151,13.662202197548005,4.514123684000854
312,8.969618766997831,14.611785395767301,5.64216662876947
313,9.395754782158352,14.096312631614357,4.700557849456004
314,8.509529649298386,12.66336519022159,4.153835540923204
315,9.159450162048453,13.443057375666248,4.283607213617795
316,9.276405699383169,13.908075592156306,4.631669892773138
317,9.377914665654686,14.006911865251439,4.628997199596753
318,10.11871634462174,12.897334570167018,2.7786182255452783
319,8.422877737167237,13.247037649937093,4.824159912769856
320,8.904900529118176,13.834403556210306,4.92950302709213
321,9.377658176648666,15.261434599112935,5.883776422464269
322,9.100105566915426,14.340516486071419,5.240410919155993
323,9.62526799208513,14.566577128785255,4.941309136700125
324,9.25065746073927,14.429230121006738,5.178572660267468
325,9.810607255754817,15.098378838439135,5.287771582684318
326,8.518850724443485,13.77486344224352,5.256012717800035
327,8.806303650865495,14.811133771514804,6.004830120649309
328,9.633002239750269,15.481826245852066,5.848824006101797
329,9.86871395770425,13.88989196294017,4.021178005235921
330,8.777323146850815,13.802096840006657,5.024773693155842
331,9.515806860690292,14.902512007708495,5.386705147018203
332,8.685060002056249,13.932250063365878,5.247190061309629
333,9.066755784600874,13.974437259886052,4.9076814752851785
334,9.341191969221194,15.281700561682714,5.940508592461519
335,9.706672027948853,14.823712360952433,5.11704033300358
336,9.565654706983663,14.167003881475965,4.601349174492302
337,8.416039909642826,13.94595848466196,5.529918575019133
338,9.844337657006779,13.681162829611315,3.836825172604536
339,9.130057474139706,13.458524686181821,4.328467212042115
340,9.360328638956892,14.84539543287259,5.485066793915697
341,8.885440790720006,14.446406223671671,5.560965432951665
342,9.387583968131574,15.630954040766381,6.243370072634807
343,9.74637789920532,14.131061223873377,4.384683324668057
344,9.114920968878977,14.415401100200098,5.300480131321121
345,9.716763750830511,15.470526329479872,5.753762578649361
346,9.551471349145343,14.54390218930081,4.992430840155468
347,8.985323032313707,13.423593308051023,4.438270275737317
348,9.306600594352371,15.097628210518032,5.79102761616566
349,8.94238287648299,14.09864275777264,5.15625988128965
350,8.46193680211611,13.978847568918617,5.516910766802507
351,10.411224974319449,15.165774868581854,4.754549894262405
352,9.06156777715165,13.439432298675186,4.377864521523536
353,8.96794500427246,13.526884578405465,4.558939574133005
354,10.172427116292628,15.412708104145393,5.240280987852765
355,8.459251481100866,13.228582669017381,4.7693311879165154
356,9.520040817953642,14.678399897107738,5.158359079154096
357,9.752713258229287,14.686859019445881,4.934145761216595
358,8.609430597410531,14.381359658128604,5.771929060718072
359,9.153798122939481,13.690356697236702,4.536558574297221
360,9.303224562556707,14.56411260298057,5.260888040423863
361,9.998712539722439,15.817865792880943,5.819153253158504
362,8.993584210121822,14.420715784013852,5.42713157389203
363,9.43345403935744,15.529207415117115,6.095753375759676
364,9.508250040705594,14.063211983248294,4.5549619425427
365,8.97933786069353,15.081090746064065,6.101752885370535
366,9.380090894960437,14.343787713474995,4.963696818514558
367,9.12717434508244,13.782494647414385,4.655320302331946
368,9.53078327893413,13.653470612160689,4.122687333226558
369,9.14667385578413,13.48963339246318,4.34295953667905
370,10.179574395097804,14.547367338680738,4.367792943582934
371,10.165504396138417,14.046990061861917,3.881485665723501
372,8.329797062531048,13.27223126671033,4.942434204179282
373,8.933413732185764,13.534157565545039,4.6007438333592745
374,9.987408600422222,14.631539079843984,4.6441304794217615
375,8.966706473320695,14.068032611155694,5.101326137834999
376,8.613122153280278,14.411191067712295,5.798068914432017
377,8.8508589320651,14.495751469023327,5.644892536958228
378,9.45283318797013,14.563780519230189,5.110947331260059
379,9.097470183706111,14.281950227520833,5.184480043814721
380,10.682211265853478,14.572924285968556,3.8907130201150775
381,9.356591572757928,13.2109111156178,3.854319542859871
382,9.505344612253863,14.446063829035948,4.940719216782085
383,9.382270603379965,13.695368516896663,4.313097913516698
384,10.67596294607261,15.540555335701653,4.864592389629042
385,9.426241480657662,13.664672527321173,4.238431046663511
386,9.346905030399702,13.289303551583965,3.9423985211842627
387,9.480730831896363,14.349904050265888,4.869173218369525
388,9.151781463644003,15.008973243238964,5.857191779594961
389,9.935167224532224,14.485558653802709,4.550391429270485
390,9.47278597245884,14.96914585932491,5.496359886866069
391,9.258393680966842,13.65723705683115,4.398843375864308
392,9.434448994989001,14.038003517678602,4.603554522689601
393,9.038300088469683,12.841559259110495,3.8032591706408123
394,8.848183949063145,13.630644660331273,4.782460711268127
395,10.293447471970012,15.367891370327202,5.07444389835719
396,9.568166795808805,13.699258585553318,4.131091789744513
397,8.764048738371452,13.679038423069164,4.914989684697712
398,9.211330258749202,15.055676131332211,5.844345872583009
399,9.268889981263003,14.040973623866577,4.772083642603574
400,8.602673573996867,14.521935784935653,5.919262210938786
401,9.912855805791555,14.15231831509548,4.239462509303925
402,9.499614358370973,14.110954279402183,4.61133992103121
403,8.865763481384693,13.611193980314118,4.745430498929425
404,9.411550844806492,14.767050129652203,5.3554992848457115
405,9.066705911278426,13.80488198061423,4.738176069335804
406,9.956790170855196,14.60687194507586,4.650081774220663
407,9.601634310875474,13.84434701650742,4.242712705631947
408,8.426762016215633,14.033856485155644,5.60709446894001
409,9.022335850908918,13.43589666654429,4.413560815635371
410,8.838015531165368,14.899143012047945,6.061127480882577
411,9.140817532174012,14.456584620200873,5.3157670880268615
412,9.110474045534817,14.024268741205455,4.913794695670639
413,9.127649570423241,14.62717713526468,5.49952756484144
414,9.256140406188464,13.550080909387098,4.293940503198634
415,8.632460449482705,13.370392380757336,4.73793193127463
416,8.480911435578607,13.67240403382639,5.191492598247784
417,9.803054947882092,14.011378876776044,4.208323928893952
418,9.771193296892122,14.005823170995514,4.234629874103392
419,9.668631136671298,14.87578863606514,5.207157499393842
420,9.383395457677256,14.290684765435602,4.9072893077583455
421,9.18326242090468,15.151320997818463,5.9680585769137835
422,8.477713982329508,12.56432928071976,4.086615298390251
423,9.872079663046167,14.774120300783744,4.902040637737578
424,10.274830605644025,14.50666455543059,4.231833949786564
425,9.636262281924493,13.94639835760119,4.310136075676697
426,9.549587688405152,14.264301737387754,4.714714048982602
427,9.911032675698607,15.605540783815012,5.6945081081164055
428,9.04156754328071,13.344525574849788,4.302958031569078
429,9.67633576113478,13.902318902463191,4.2259831413284115
430,9.433768120674287,13.169495759023693,3.735727638349406
431,9.052586297651326,13.490093313315661,4.437507015664336
432,9.421535775061955,15.682206218951144,6.26067044388919
433,8.492317238402078,14.362243481966091,5.869926243564013
434,9.52816392835439,14.168315734735291,4.640151806380901
435,9.51675886680819,13.744412195109643,4.227653328301452
436,9.216088726517508,13.815649376584407,4.599560650066898
437,9.022686020250433,16.710315427852084,7.687629407601651
438,11.310927365815324,15.449369937559872,4.138442571744548
439,8.939922670665721,15.342816512182232,6.40289384151651
440,9.50660395086213,14.29916875138916,4.79256480052703
441,9.26397907115776,13.404966925086137,4.140987853928378
442,9.382079331605151,14.473740880790412,5.091661549185261
443,9.20564239906453,14.11879622733656,4.91315382827203
444,8.74610285875385,13.37934239281805,4.633239534064199
445,9.796084385196448,15.009150888093279,5.213066502896831
446,8.815307456162385,12.762914551953674,3.947607095791289
447,9.338730893673633,15.15984758739653,5.821116693722898
448,9.267672797225307,13.989762393426064,4.722089596200757
449,8.902470037341143,12.633256970269423,3.7307869329282806
450,10.156476751251157,15.136547318295172,4.980070567044015
451,9.695104051810008,15.216370344230786,5.521266292420778
452,8.95744956873618,15.121499355085774,6.164049786349594
453,9.29819793423695,13.253323819281915,3.955125885044966
454,9.640600818108318,13.579931906978961,3.9393310888706434
455,9.203218998650396,14.972389613897128,5.769170615246733
456,9.665433784970542,13.31701336289986,3.6515795779293185
457,10.458944931339119,15.006216670671806,4.547271739332688
458,8.152166589089111,12.953133007756287,4.800966418667176
459,9.011831879532474,14.150149601331545,5.138317721799071
460,9.430952609271593,14.714310077662129,5.283357468390536
461,9.364693462153891,14.760215600347731,5.39552213819384
462,10.103156523905232,13.91924569202869,3.816089168123458
463,8.683520294913123,12.774771937123623,4.0912516422105
464,7.97172674828488,13.279971910819965,5.308245162535085
465,9.569729908516987,13.506478960978107,3.9367490524611206
466,8.999606799337405,12.340520930434707,3.3409141310973016
467,8.943419625299521,13.224742987196507,4.281323361896986
468,9.541642776154053,14.035319222255051,4.493676446100999
469,9.988251396493483,14.241943522169768,4.2536921256762845
470,9.052427527039503,13.396813178132723,4.344385651093219
471,8.202333610293314,14.031708577854035,5.829374967560721
472,8.366200455757873,12.311817704214098,3.945617248456225
473,9.662983345749911,14.417733031136121,4.75474968538621
474,9.759440538403092,13.799722881035795,4.040282342632702
475,9.217026671136582,14.322933458485187,5.105906787348605
476,9.51302152976224,15.586218329988037,6.073196800225798
477,8.965211420716473,14.640376959224318,5.675165538507844
478,8.919797678258345,14.24414905839575,5.324351380137406
479,9.650916199498681,14.4125330317168,4.7616168322181185
480,9.467491366476281,15.339212187157516,5.871720820681235
481,8.395788694247447,12.680988479490697,4.28519978524325
482,8.62148949721984,13.676284445205955,5.054794947986114
483,9.951880801810548,15.43014477645571,5.478263974645163
484,9.497267046715343,15.330090813947631,5.832823767232288
485,9.987091890851858,14.005646140581343,4.018554249729485
486,8.943646417989175,13.336001400164104,4.392354982174929
487,9.651632115633506,14.413486038147548,4.761853922514042
488,8.241149858025056,13.449193031592682,5.208043173567626
489,9.601195826907523,15.186435061331613,5.58523923442409
490,10.150034610754757,13.733375475833375,3.5833408650786183
491,8.621135408802077,15.25718578336482,6.636050374562743
492,9.150750252758469,12.70501114561641,3.5542608928579416
493,9.514450589305902,14.706178908793175,5.191728319487273
494,9.561345623758328,15.001388610696392,5.440042986938064
495,10.37195572237223,15.376609941072806,5.004654218700576
496,8.298203003192265,12.867249811367815,4.56904680817555
497,8.604131601618038,15.272341777332883,6.6682101757148455
498,9.350193391661417,14.536147777086045,5.185954385424628
499,9.490258467909543,14.89313952139254,5.4028810534829965
500,9.14074431325127,13.6807629822604,4.540018669009131
501,8.407346959281648,14.267411390258065,5.860064430976417
502,9.321930751919522,13.308402422797702,3.9864716708781796
503,8.517945383489518,14.340120174664644,5.822174791175126
504,9.63086860701288,14.581903185950793,4.951034578937913
505,9.660083300935932,13.594283989302223,3.9342006883662908
506,9.181406728331423,12.976778667879797,3.7953719395483745
507,8.943526753259814,14.156258645079607,5.212731891819793
508,8.962311009370714,14.370971315620476,5.408660306249763
509,9.043903756963195,13.83568236105319,4.791778604089995
510,8.593191701161537,12.861519004726928,4.268327303565391
511,10.546898320352202,14.472411003428714,3.925512683076512
512,9.604910511751207,13.350337652971497,3.74542714122029
513,8.85466795354867,13.726711931551062,4.872043978002392
514,9.641637975042409,14.626918110489713,4.985280135447304
515,8.807255978590225,14.302755217774783,5.495499239184557
516,8.922806250953293,14.558517993956347,5.635711743003053
517,9.285495145629659,13.760156731828502,4.4746615861988435
518,9.598307966923842,13.855838922690241,4.2575309557663985
519,9.139890206779,13.372790624773879,4.232900417994879
520,8.794255665022037,13.36790935874951,4.573653693727472
521,8.906671420050461,13.700037760540956,4.793366340490495
522,9.214120418777657,15.491892008923347,6.27777159014569
523,9.722521599693314,14.06206713099809,4.3395455313047755
524,8.984753651262286,14.181261298098637,5.19650764683635
525,9.312200557222347,13.74084782183926,4.428647264616913
526,9.426095895233603,14.146325222128478,4.720229326894875
527,9.234341673010091,13.682314542205805,4.4479728691957146
528,10.606458319446485,14.88318611754138,4.276727798094894
529,8.53146186380679,13.987379567218573,5.455917703411783
530,9.040010244247508,14.079704145120358,5.03969390087285
531,9.382264555813363,14.652245247568736,5.269980691755373
532,9.794321329586587,15.20734749058435,5.413026160997763
533,8.683491326638864,13.77528953843329,5.091798211794426
534,9.280213089016023,14.17294722905767,4.892734140041647
535,8.51942072187698,14.398434055169904,5.879013333292924
536,9.681453549556304,15.147082294361047,5.465628744804743
537,9.493347268545719,15.036115977296243,5.542768708750524
538,9.937934191063897,14.969508593915172,5.031574402851275
539,9.22848496812737,12.825257236817398,3.596772268690028
540,7.9557799047577324,13.044885139216808,5.089105234459075
541,9.087934918589982,14.487472844259335,5.399537925669353
542,9.338319791848024,13.586540525644685,4.248220733796661
543,9.301741655270934,15.555347453300788,6.253605798029854
544,8.752412085616868,12.990676824814313,4.2382647391974455
545,10.109750865739445,14.621783026472524,4.51203216073308
546,9.743640938571545,14.165846303189161,4.422205364617616
547,8.712771488492521,14.779332998481172,6.0665615099886505
548,9.723718862639833,15.436345782088402,5.712626919448569
549,9.143896900370686,13.91614726800899,4.7722503676383035
550,9.299999165096313,15.944801338386561,6.644802173290248
551,8.588009224412572,13.69361911736241,5.105609892949838
552,8.681035307603281,13.939881248524934,5.258845940921653
553,9.283161936454755,15.478430962828476,6.195269026373721
554,9.630496887241295,14.608205236337692,4.977708349096398
555,8.277945852660181,12.970953497846706,4.693007645186524
556,9.824647590400524,13.484600081766612,3.659952491366088
557,9.249879214513301,14.38019745617,5.130318241656699
558,8.535402924690441,13.190782809570182,4.655379884879741
559,10.377353548253788,15.640630491758367,5.263276943504579
560,8.896471427156527,13.079946497754216,4.183475070597689
561,9.858461934548554,14.478770694259515,4.6203087597109604
562,8.138245886940995,14.303199007530392,6.164953120589397
563,9.359610098649773,14.032006395664352,4.672396297014579
564,9.256644030397059,14.911701932365244,5.655057901968185
565,10.257683388380435,14.887397332596128,4.629713944215693
566,8.245986951301786,13.63540265072911,5.389415699427325
567,8.527850223568663,13.616711292887889,5.0888610693192255
568,8.828321316992755,14.741042210307135,5.912720893314381
569,8.677300413583147,12.847907836469183,4.170607422886036
570,9.20768740459423,14.057173322732513,4.849485918138283
571,9.094000804199158,12.832282646379507,3.738281842180349
572,9.971385843124429,14.413718240774429,4.44233239765
573,9.59876784102709,14.673218533162844,5.074450692135754
574,9.602961063500679,14.348232022306341,4.745270958805662
575,9.254356621293232,12.61318654932894,3.358829928035709
576,8.907092402026116,13.298709513108644,4.391617111082528
577,8.570286320225767,14.695285135060258,6.124998814834491
578,9.234461573394876,14.962948041306054,5.728486467911178
579,9.006007541561573,13.877186891429325,4.871179349867752
580,10.163743876670162,13.862987414621529,3.699243537951366
581,9.489360491554564,13.627225676084,4.137865184529437
582,9.859659101442718,14.22166503297482,4.362005931532103
583,9.854479709545506,15.345963419685463,5.491483710139956
584,9.610184171010136,13.725396075067094,4.115211904056958
585,8.9094580351986,14.189432231517456,5.279974196318856
586,8.96186085481758,13.416905742403918,4.455044887586338
587,8.146837573772018,13.407906935955522,5.261069362183504
588,9.450906721663614,14.705973145052305,5.255066423388691
589,8.816948910649646,13.511615498472356,4.694666587822709
590,8.941027735367658,14.979032145975092,6.038004410607433
591,9.289966861059803,14.202970419757284,4.913003558697481
592,9.242441431308787,13.759380987427962,4.5169395561191745
593,8.953663930061303,14.131580275209185,5.177916345147882
594,9.93726433356608,14.723531020382381,4.786266686816301
595,9.64831151660509,14.09989726909846,4.451585752493369
596,8.5656403184089,15.033564362856602,6.467924044447702
597,9.194690222521096,14.043947915809188,4.8492576932880915
598,9.08162072288582,13.542620106967238,4.460999384081418
599,9.33652204900426,14.915954843042854,5.579432794038594
600,8.749269466626034,14.874484172700985,6.125214706074951
601,8.675012846966125,13.619195060880825,4.944182213914701
602,10.64644016819707,15.021815236235355,4.375375068038284
603,8.788292538716465,15.206013860595766,6.4177213218793
604,8.067794893042324,14.134187315979435,6.066392422937112
605,8.674885846000137,13.787844640750905,5.112958794750767
606,8.90678858580616,12.459643631256878,3.552855045450718
607,8.874190701142142,14.690211456779792,5.81602075563765
608,9.250448752128491,15.611756121588591,6.3613073694601
609,9.040752320654768,13.249913325428354,4.209161004773586
610,8.73245088084242,13.21319440135114,4.480743520508721
611,9.768976655367108,14.49279875881589,4.723822103448782
612,9.715000786599834,14.267006298067118,4.552005511467284
613,8.57666639323162,13.823642079873819,5.2469756866422
614,9.36838182123258,13.330833047150904,3.9624512259183238
615,9.973326673007037,15.119041742394906,5.145715069387869
616,10.30072459685355,14.23423977000317,3.933515173149619
617,9.45465087487262,15.820293714810408,6.365642839937788
618,8.563499337229853,13.005113893828218,4.441614556598365
619,9.256539075727462,14.719045137710605,5.462506061983143
620,9.449374086300127,14.007086897388849,4.557712811088722
621,9.367244605914323,14.064225925917976,4.696981320003653
622,9.39055641342805,14.308161945718505,4.917605532290455
623,9.164040976617787,14.181487218619983,5.017446242002196
624,9.91338924756312,13.688586161666823,3.7751969141037023
625,8.999900187863476,14.640213979834543,5.640313791971067
626,9.424756455844905,15.356730542115315,5.93197408627041
627,10.427416616980755,14.08297977164513,3.6555631546643745
628,8.927360431969129,14.204434448231817,5.277074016262688
629,9.52043687832434,13.914771599593253,4.394334721268914
630,9.475572847840507,13.46866427456834,3.9930914267278332
631,9.552350781304481,13.94752197737683,4.395171196072349
632,8.674922450290797,13.630861296935846,4.955938846645049
633,9.43490064303889,14.064066045720173,4.6291654026812825
634,8.80298791532917,13.771031692645579,4.968043777316408
635,9.572697581216008,13.446576161981348,3.8738785807653393
636,10.591808110911206,15.00888653688614,4.417078425974934
637,9.349567364425614,13.947390257836878,4.597822893411264
638,9.312766633275682,15.1808657284303,5.8680990951546175
639,9.718812640497651,14.967090144021537,5.248277503523886
640,9.165839408525756,14.726032417030487,5.560193008504731
641,8.945701458925464,13.5194710422008,4.573769583275336
642,9.194170850014974,14.735368649263178,5.541197799248204
643,8.75524835851271,13.169549496820633,4.414301138307923
644,9.452589053832979,12.894411745660271,3.4418226918272925
645,9.950854740243813,14.812894844360818,4.862040104117005
646,8.834514400911836,13.959837459775946,5.12532305886411
647,9.852837108160335,14.592378673015624,4.739541564855289
648,9.438274799883079,13.926332703416533,4.488057903533454
649,8.507707620110219,13.028070838114854,4.5203632180046345
650,9.215920705138416,14.400250522499283,5.184329817360867
651,9.59037679131945,13.77201483635506,4.18163804503561
652,8.53399838442905,13.166472407362052,4.6324740229330015
653,8.63580036052653,15.215897839686338,6.580097479159809
654,9.234644493529563,13.412942425396961,4.178297931867398
655,9.365842505569661,13.208449549317631,3.84260704374797
656,8.724684308250062,14.659671765608708,5.9349874573586465
657,9.163412576765095,14.083543845099877,4.9201312683347815
658,10.27657568769606,14.181802788248998,3.9052271005529384
659,10.450038671834442,14.896282192834864,4.446243521000422
660,9.103286695710322,13.240137901166074,4.136851205455752
661,9.514905778230695,12.750727716046036,3.2358219378153414
662,8.913695196978633,14.539841262359555,5.626146065380922
663,10.007441778279311,14.822909900305106,4.815468122025795
664,9.261082238954566,13.756110606580501,4.495028367625935
665,9.226565243442675,14.349223568051032,5.1226583246083575
666,8.968217356786322,14.066297234181878,5.098079877395556
667,9.106438145655774,14.414033322326114,5.30759517667034
668,9.18648632517875,14.026468073268527,4.839981748089777
669,10.309487958647814,15.2094251471226,4.8999371884747855
670,10.037984623026567,14.270268750575987,4.23228412754942
671,10.525729307791444,15.740053407680824,5.21432409988938
672,7.630534114026496,14.645846493103972,7.015312379077477
673,8.905620966385515,13.74025793735902,4.834636970973506
674,8.778264572802124,13.27983816202447,4.501573589222346
675,8.691222204176801,14.105947058280675,5.4147248541038735
676,9.124069003680342,13.573241428927588,4.449172425247246
677,7.835348543514492,12.264196687606754,4.428848144092262
678,9.657462107039084,13.808876497051637,4.151414390012553
679,8.990447915808515,14.673812873068224,5.683364957259709
680,9.324127159536847,14.018721630497955,4.694594470961109
681,9.124591003167694,13.170337646275614,4.04574664310792
682,9.727515861260743,14.14105844418416,4.413542582923418
683,9.44658456021016,15.095952147183784,5.649367586973623
684,8.111599194575032,12.572193432986943,4.460594238411911
685,8.286484536958998,13.669637900856399,5.383153363897401
686,8.95058321229143,15.183235828796564,6.232652616505133
687,8.390963079831833,13.451232336908266,5.060269257076433
688,9.446295234314174,13.910219147947195,4.463923913633021
689,8.575695744979415,12.771911927917019,4.196216182937604
690,9.384225279407582,14.95388169115431,5.5696564117467275
691,9.44594883528083,14.183456735328644,4.737507900047813
692,9.552531610990469,14.559856240376945,5.007324629386476
693,9.794041887901335,15.397935661469011,5.603893773567677
694,9.390505038369152,14.302615922392592,4.9121108840234395
695,9.930359315261619,15.287717622179274,5.357358306917655
696,9.503077572575013,13.209629823567395,3.7065522509923827
697,9.286064262045937,14.494637871326498,5.2085736092805615
698,11.23140005222457,15.215668044743767,3.9842679925191966
699,8.9573597934156,13.275050093060889,4.317690299645289
700,8.754741754404778,13.81941934099724,5.064677586592461
701,9.263257434095976,13.895448525109954,4.632191091013977
702,9.202073531463421,13.476691763515912,4.274618232052491
703,8.597410342688061,14.064873767855918,5.467463425167857
704,9.265991799969786,15.316794787463692,6.050802987493906
705,9.242453831909147,13.109748987934578,3.867295156025431
706,9.782024362702002,14.720626190277505,4.9386018275755035
707,9.449747057416705,14.953984677823453,5.504237620406748
708,9.781814891442071,13.992197639191204,4.210382747749133
709,9.13835826108013,13.416849605937795,4.278491344857665
710,9.156311880726898,14.360507558779815,5.204195678052917
711,9.663090212956325,14.811132945329897,5.148042732373572
712,9.59536655524819,14.52707771753648,4.931711162288289
713,9.569103303595348,14.061292056363275,4.492188752767927
714,9.624318194420495,13.875200614566085,4.25088242014559
715,9.7282720512053,14.28721206879767,4.55894001759237
716,8.883357034597415,13.16167734759759,4.278320313000176
717,9.641231870100105,14.250693724426736,4.60946185432663
718,10.410139366937987,15.2281488961305,4.818009529192514
719,9.527414546099966,13.998824791387554,4.471410245287588
720,8.376114121178114,13.467669771712838,5.091555650534724
721,9.245495535610086,14.149604571312208,4.904109035702122
722,9.069150660646866,13.874450890373168,4.805300229726303
723,9.738765899778167,13.814212622520877,4.07544672274271
724,9.325884377943696,14.869898266195229,5.544013888251532
725,8.761355926208328,14.235812631639869,5.474456705431541
726,9.371371883288312,14.73529110574191,5.363919222453598
727,9.171713630436898,13.32518314108675,4.1534695106498525
728,9.2245522782739,14.477121088861661,5.252568810587762
729,8.849134665005403,14.015030794491713,5.16589612948631
730,9.37022398644133,12.659627564822166,3.2894035783808366
731,9.467269048296938,13.317772707817566,3.850503659520628
732,8.751800218122023,12.672536894810479,3.920736676688456
733,10.016700316449727,14.801034570499159,4.784334254049432
734,9.455718701064209,15.378196581682037,5.922477880617828
735,9.179945694350332,13.655930171134042,4.47598447678371
736,9.247840021233957,14.366872593799098,5.119032572565141
737,8.717532623624338,13.41258538624864,4.695052762624302
738,9.358717310546607,13.807726005502987,4.44900869495638
739,9.271868507269199,14.160333798214296,4.888465290945097
740,9.429758032567078,14.293297619270259,4.863539586703181
741,9.45067864345032,13.969309766435089,4.518631122984768
742,8.36258339595247,14.284989769195953,5.922406373243483
743,8.865678268964666,13.756296306600538,4.890618037635871
744,8.130605383249602,12.690056221921525,4.559450838671923
745,9.13201108734314,14.460850211818245,5.328839124475106
746,9.127622959673403,13.737159446622993,4.60953648694959
747,9.560916199509222,13.295513182807142,3.7345969832979193
748,9.499425004172279,14.36317275608814,4.863747751915861
749,8.313077107004707,13.137727402961527,4.82465029595682
750,9.459316023286263,14.457208689241003,4.9978926659547405
751,9.19484229116304,13.601667735027906,4.406825443864866
752,9.120606528842215,14.777378252864127,5.656771724021912
753,9.159878092600449,14.907909236893325,5.7480311442928755
754,9.216609307977903,14.681909122079755,5.4652998141018525
755,9.210231123553022,13.14855805802792,3.9383269344748975
756,9.731616903873404,15.020885951765594,5.289269047892191
757,9.724411572464506,13.854022605133025,4.129611032668519
758,8.233147840002403,14.12835197963646,5.895204139634057
759,9.953126428596022,14.390224433441022,4.437098004845
760,9.387721764796774,14.307275562523593,4.9195537977268184
761,9.068789573432545,15.01284564356025,5.944056070127706
762,10.101480110570835,15.789063886855336,5.687583776284502
763,8.78005850924197,14.972620300166419,6.192561790924449
764,9.896959020747875,13.490740287111723,3.593781266363848
765,9.656846183696139,13.883189291793746,4.226343108097607
766,9.561246500159992,14.084847596732835,4.523601096572843
767,9.765632526898983,15.452223845764287,5.686591318865304
768,9.928711733582546,13.774310558091182,3.8455988245086363
769,9.813153808247998,13.871094664779486,4.057940856531488
770,8.796371989988947,14.048667781471307,5.252295791482361
771,8.667251249854525,13.192858504861848,4.525607255007323
772,9.624996943449998,13.361239045913575,3.736242102463576
773,10.05195097029677,14.958724129893172,4.906773159596401
774,10.251612535724497,14.867203676461695,4.615591140737198
775,10.095085154649446,14.67318633996581,4.578101185316363
776,9.673114054624156,13.764245155381923,4.091131100757767
777,8.848583373984788,14.809631172867492,5.961047798882705
778,8.870200745877755,13.608205426979929,4.738004681102174
779,9.44765452828016,15.444874580085775,5.997220051805616
780,8.916732394584711,14.328978627690258,5.412246233105547
781,8.6825447735673,14.080272880737088,5.3977281071697885
782,11.199125437324065,15.833757573790983,4.634632136466918
783,9.486059393183123,14.355276396460033,4.86921700327691
784,8.412834451000244,14.087941574769287,5.675107123769044
785,9.614348951859178,14.60438155353751,4.990032601678331
786,9.237949407173337,14.742818850042973,5.504869442869635
787,10.524012803105494,16.082166791501827,5.558153988396333
788,8.294917521716645,13.798741966182906,5.503824444466261
789,8.51234823220013,13.691140250271507,5.178792018071377
790,9.42349571296746,14.798595400786866,5.3750996878194055
791,8.896213765049396,13.322448426720436,4.426234661671041
792,9.032787609594934,13.381491521084412,4.348703911489478
793,9.69634777070176,15.462578140070868,5.766230369369108
794,9.39496152272385,13.676031083388168,4.281069560664317
795,8.698613856823911,13.508351274393892,4.8097374175699805
796,9.441469127504767,13.87464494786445,4.433175820359683
797,8.826196290550138,14.093637758945,5.267441468394862
798,8.834096720666437,14.828984139101959,5.994887418435521
799,8.86529536955196,13.708524234139544,4.843228864587584
800,9.486262086372724,13.813145049932693,4.326882963559969
801,8.94760788263318,13.012111798765769,4.064503916132589
802,10.84250391703654,15.143934445887739,4.301430528851199
803,9.02129680362045,12.898575940578604,3.8772791369581547
804,8.806822035779991,13.179422408130254,4.372600372350263
805,9.916339444321157,14.20913041655915,4.292790972237993
806,8.966333664456505,14.250289757816104,5.283956093359599
807,9.570854886307337,15.236705538811956,5.665850652504618
808,8.984441608341767,14.538234162249804,5.553792553908037
809,10.312092050804313,14.308238329128415,3.996146278324101
810,9.399444128795869,14.82167558233825,5.422231453542381
811,9.750987659445318,13.881647651455134,4.130659992009816
812,9.355083501989979,15.200979553321819,5.84589605133184
813,9.224881399398217,14.920793785071876,5.695912385673658
814,9.14510066377014,13.118240403258163,3.9731397394880226
815,10.152685129877646,14.979134865223756,4.8264497353461095
816,9.88996223659878,14.521994504659883,4.632032268061103
817,8.921282403711665,13.093089148568723,4.171806744857058
818,8.988389354745607,14.32699287485516,5.338603520109553
819,10.487887525262,14.932811568949111,4.444924043687111
820,8.689226640763922,11.77026214210866,3.081035501344738
821,8.639522583911512,13.165045258863481,4.525522674951969
822,10.132559063043841,14.388440889149255,4.255881826105414
823,10.062450067956455,14.295602516621935,4.23315244866548
824,9.55506344550808,14.524782215744064,4.969718770235984
825,9.956429527949219,14.470033061547978,4.51360353359876
826,9.167306348416556,13.310552045878344,4.143245697461788
827,10.123786482890631,15.786397077539652,5.662610594649021
828,9.370306210244006,14.988717892822851,5.618411682578845
829,9.408398004814416,15.070398825558199,5.662000820743783
830,9.0580085031475,13.650237528135778,4.592229024988278
831,9.99285193082298,14.370575232199066,4.377723301376086
832,10.094792416781756,14.019481215575906,3.9246887987941506
833,9.394942267942218,14.436618571799414,5.041676303857196
834,8.86127738277306,13.42799264907859,4.566715266305529
835,8.61301487846275,12.700331693055906,4.087316814593157
836,9.777173322517296,14.712665615372126,4.93549229285483
837,9.570657069989942,15.046525649277989,5.475868579288047
838,9.170067668884721,13.989122548890295,4.819054880005574
839,9.659352899948525,14.208082472904804,4.5487295729562796
840,9.151897543354583,14.98345896720888,5.831561423854298
841,9.34913037631746,13.209527372280176,3.8603969959627165
842,9.12074301456925,13.608516623202139,4.487773608632889
843,9.42631149255278,13.146138720849233,3.719827228296454
844,8.619906185292436,11.47949242130581,2.8595862360133744
845,8.991304678820699,13.712798363046803,4.721493684226104
846,9.69842438034069,14.25409795906782,4.555673578727131
847,10.086083941904038,15.400850490572786,5.314766548668748
848,8.633342704726862,13.856414428102745,5.223071723375883
849,9.221684690185945,14.479993558774781,5.258308868588836
850,8.786274736612887,12.87658101594498,4.0903062793320935
851,9.926318459530039,15.348208967514566,5.421890507984527
852,9.15680110525818,14.461793727258689,5.304992622000508
853,8.274897835442,12.96210898604365,4.68721115060165
854,9.682402306327283,15.119532090554372,5.437129784227089
855,8.700274325181796,14.093713777865396,5.3934394526836
856,8.90641976544225,14.167822552374762,5.261402786932512
857,9.13568399128581,15.208152208389095,6.072468217103285
858,9.219892290103017,14.716608402804312,5.496716112701295
859,8.310978285643754,13.3984614960606,5.0874832104168455
860,8.960866027145363,14.897594056786037,5.936728029640674
861,9.459808078164219,14.326316077292196,4.866507999127977
862,8.94176611566997,11.854832660772576,2.9130665451026054
863,9.09956000663498,13.373963706568327,4.274403699933346
864,9.710310956485737,15.163801957078832,5.453491000593095
865,10.057623369301053,14.882949137914203,4.825325768613149
866,9.258034557507887,13.768132934771801,4.510098377263914
867,9.067288407422105,13.126332563114996,4.059044155692892
868,8.941016967204073,13.3050363635749,4.364019396370827
869,9.864650473478509,14.928840086414594,5.064189612936085
870,8.485959882567979,13.19372778330724,4.707767900739261
871,9.686167136443352,14.270586603213346,4.584419466769994
872,9.5360751510601,14.260387993237904,4.724312842177804
873,9.460240000665168,14.659539266212237,5.199299265547069
874,9.149745927578124,14.441832206033782,5.292086278455658
875,8.85058604366206,13.83422436515806,4.983638321495999
876,8.786625219626876,13.0077431689617,4.221117949334824
877,9.432260753768066,13.694704684571093,4.262443930803027
878,8.873067449436384,14.332328501265073,5.459261051828689
879,9.73365598564129,13.486818960235695,3.753162974594405
880,9.57470817932648,15.513050771400659,5.938342592074179
881,8.634907288401466,13.061646492504645,4.426739204103178
882,8.60011851272773,12.614994943394358,4.014876430666627
883,9.690053299787559,14.219708914150353,4.5296556143627935
884,9.967063290576839,15.399054507897302,5.431991217320464
885,8.561288727426192,13.138680612873118,4.577391885446927
886,8.903962246714586,15.239674234705465,6.335711987990878
887,9.20205142967647,14.255357746614367,5.053306316937897
888,8.917268191123894,13.41151253772447,4.494244346600576
889,8.696577288113597,15.071814600392438,6.375237312278841
890,9.543647422797948,15.072791771695254,5.529144348897306
891,8.252793415214295,13.325083499204272,5.0722900839899765
892,7.848033275711077,13.62403257571274,5.775999300001662
893,9.75103730088944,14.407533015007449,4.656495714118009
894,8.54275413865296,12.63302537847598,4.09027123982302
895,8.93416508428227,14.552162607760852,5.617997523478582
896,8.880179377728851,14.034955664389988,5.1547762866611375
897,9.234557096305572,15.188167579806525,5.9536104835009525
898,9.30680700082909,13.725737253411575,4.418930252582484
899,9.175672093147327,13.769717384475115,4.594045291327788
900,9.876249463788605,14.662533527437766,4.786284063649161
901,8.937726426076377,14.290077309310302,5.352350883233925
902,9.35641904900222,14.125236020373984,4.7688169713717645
903,8.421441570218944,12.201652499634765,3.780210929415821
904,9.89931467147353,13.80989420918176,3.91057953770823
905,9.44701804930498,14.842298674178767,5.395280624873788
906,9.434770469815392,14.259578879902746,4.824808410087353
907,9.009161058787129,13.569089375065008,4.55992831627788
908,8.804061471300711,15.419951759529157,6.615890288228446
909,9.118361827024607,13.03776607081209,3.9194042437874828
910,9.596533630248336,14.071618571704274,4.475084941455938
911,8.574414857453146,14.42454400491778,5.850129147464635
912,8.92715429421479,12.655368307671617,3.728214013456828
913,8.27612913071807,13.23872401510119,4.962594884383119
914,9.64381574929172,14.526018317902102,4.882202568610381
915,9.059055629478348,14.077301574815758,5.01824594533741
916,10.031368897027425,15.343210511545601,5.311841614518176
917,9.453756390380677,13.966973925315422,4.5132175349347445
918,9.668339194651475,14.449331081530378,4.780991886878903
919,9.013884719684826,13.264010969279093,4.250126249594267
920,9.763452501578792,15.146855901650355,5.383403400071563
921,8.929077701620963,13.828733638192844,4.899655936571881
922,9.008937569608609,13.331233896365529,4.32229632675692
923,9.481755042465561,14.660955643877578,5.179200601412017
924,9.939189401377927,13.794201590782949,3.8550121894050218
925,8.679731949454464,14.342894133184313,5.663162183729849
926,10.113409119791362,14.624119285597367,4.510710165806005
927,9.752415400428076,13.205680925898605,3.4532655254705293
928,9.91259690286074,14.87260223662748,4.960005333766741
929,9.581562378394096,13.99251875815185,4.410956379757753
930,9.446612495386299,13.419250538714108,3.972638043327809
931,8.613529213702222,13.484840852394127,4.871311638691905
932,8.477335109482166,13.005782969979899,4.528447860497733
933,9.536671916212855,13.925994001323005,4.38932208511015
934,8.899694029186751,13.283575082848875,4.383881053662124
935,9.31318112449327,13.481786366910478,4.168605242417209
936,9.16069864061164,15.437781144933355,6.277082504321715
937,9.860570729228815,15.14906304470973,5.288492315480914
938,8.748043773868835,14.09275625325364,5.344712479384805
939,9.943292650143627,14.793387339099228,4.8500946889556005
940,9.6105722618818,14.490380862258542,4.879808600376743
941,9.5888723339948,12.642321486862857,3.0534491528680565
942,8.908259760707416,13.737967584617206,4.829707823909789
943,10.163915804972797,14.417092551135248,4.253176746162451
944,9.662305872195072,15.425920832783575,5.763614960588503
945,8.976458820739865,13.55892549674493,4.582466676005065
946,9.160617938247944,14.469271942598105,5.308654004350162
947,9.495011199969166,14.865459592076515,5.370448392107349
948,9.756276214272402,14.536633766297193,4.780357552024791
949,8.822124185423416,14.892420982233599,6.070296796810183
950,9.07885368675371,13.336432488838746,4.257578802085035
951,8.994915807737558,14.685390278533921,5.690474470796364
952,9.376718679545569,12.785590240142616,3.4088715605970474
953,8.835514938992635,12.715393625424165,3.87987868643153
954,9.058118456649252,14.402765539037203,5.344647082387951
955,9.011111277128881,13.906520332666588,4.895409055537707
956,8.894462732079027,14.78018880690235,5.885726074823323
957,9.682032119197016,13.246751257867514,3.5647191386704975
958,8.848864297880715,13.183083873040243,4.334219575159528
959,8.199289433871687,13.85512358504812,5.655834151176432
960,8.086202522220068,13.888792030747853,5.8025895085277845
961,9.024098731207616,13.982685799764209,4.958587068556593
962,9.427983258931338,14.641378405953377,5.213395147022039
963,9.63736588176804,14.732642612585831,5.09527673081779
964,10.037446569069312,15.037927887368824,5.000481318299512
965,9.57910215559346,14.947133379071026,5.368031223477566
966,9.460942540842929,16.17846774403564,6.717525203192711
967,9.916906492776391,15.98348963185629,6.066583139079899
968,8.773748333960041,13.460239036406415,4.686490702446374
969,9.751227287809202,14.065702882908408,4.314475595099205
970,9.205801476248102,14.652961004518064,5.447159528269962
971,9.081505897076589,13.691518991444193,4.610013094367604
972,9.166892008476806,14.59531436028151,5.428422351804704
973,9.199295453318301,14.590160212498343,5.390864759180042
974,9.919747457061481,14.614296648232036,4.694549191170555
975,9.166938501797869,14.255535387193163,5.088596885395294
976,9.144673900965232,13.31855139015089,4.173877489185658
977,9.28741736007774,14.159389601916097,4.871972241838357
978,8.788814904138396,13.695118549031614,4.906303644893217
979,9.018022292319086,14.582186824687978,5.564164532368892
980,9.583713609507459,15.394048029264258,5.810334419756799
981,9.962084825936243,14.014751841876743,4.0526670159405
982,10.099485798352289,14.605906292778858,4.506420494426569
983,8.953162797501882,14.672438760828994,5.719275963327112
984,9.147676453318104,14.04022544616677,4.892548992848667
985,9.108381855387233,14.261095954028866,5.152714098641633
986,10.12286193342135,15.06187025960317,4.9390083261818205
987,8.23414343651428,13.908260637966302,5.674117201452022
988,9.103929798950709,12.987256646020462,3.8833268470697533
989,8.896109285091635,14.769666103185635,5.873556818094
990,9.554745113429956,13.940624958764285,4.38587984533433
991,8.790551648931949,13.417839976006945,4.6272883270749965
992,9.98654758385329,14.717123857193576,4.730576273340285
993,8.903655549727091,12.994213628002747,4.090558078275656
994,10.084513261783313,14.8037262375181,4.719212975734788
995,9.394820816332782,13.904097472373868,4.509276656041086
996,8.629317955665043,14.485368544613081,5.8560505889480385
997,8.854266408004225,14.570804865870992,5.716538457866767
998,9.743291669760469,16.589855652174904,6.846563982414436
999,8.77066293290984,13.917524604740434,5.146861671830594
